movie_id,total_comments,title,taiwan_release_date,taiwan_date,taiwan_year,Holiday,Hours,Minutes,TotalMinutes,expected_rating,num_exp_votes,actual_rating,num_actual_votes,boxoffice_taiwan(10thousand),china_release_date,china_date,china_year,boxoffice_china(100million),type_action,type_adventure,type_animation,type_comedy,type_crime,type_drama,type_fantasy,type_horror,type_other,type_romance,type_sci-fi,type_thriller,boxoffice_china(100million)_red,taiwan_day_Friday,taiwan_day_Thursday,taiwan_day_Tuesday,taiwan_day_Wednesday,taiwan_month_April,taiwan_month_August,taiwan_month_December,taiwan_month_February,taiwan_month_January,taiwan_month_July,taiwan_month_June,taiwan_month_March,taiwan_month_May,taiwan_month_November,taiwan_month_October,taiwan_month_September,china_day_Friday,china_day_Monday,china_day_Saturday,china_day_Sunday,china_day_Thursday,china_day_Tuesday,china_day_Wednesday,china_month_April,china_month_August,china_month_December,china_month_February,china_month_January,china_month_July,china_month_June,china_month_March,china_month_May,china_month_November,china_month_October,china_month_September
3796,531,The Amazing Spider-Man,41089,29,2012,0,2,16,136,82,2302,4.5,2760,10800,41148,27,2012,3.16,1,0,0,0,0,0,0,0,0,0,0,0,4,1,0,0,0,0,0,0,0,0,0,1,0,0,0,0,0,0,1,0,0,0,0,0,0,1,0,0,0,0,0,0,0,0,0,0
3957,623,Battleship,41010,11,2012,0,2,11,131,98,1997,4.5,3061,9900,41017,18,2012,3.1,1,0,0,0,0,1,0,0,0,0,1,0,4,0,0,0,1,1,0,0,0,0,0,0,0,0,0,0,0,0,0,0,0,0,0,1,1,0,0,0,0,0,0,0,0,0,0,0
4034,1050,The Avengers,41024,25,2012,0,2,22,142,99,6506,4.8,7353,23700,41034,5,2012,5.68,1,0,0,0,0,0,0,0,0,0,0,0,8,0,0,0,1,1,0,0,0,0,0,0,0,0,0,0,0,0,0,1,0,0,0,0,0,0,0,0,0,0,0,0,1,0,0,0
4105,259,Total Recall,41124,3,2012,0,1,58,118,97,828,4.4,1268,4400,41202,20,2012,1.16,1,0,0,0,0,0,0,0,0,0,1,1,2,1,0,0,0,0,1,0,0,0,0,0,0,0,0,0,0,0,0,1,0,0,0,0,0,0,0,0,0,0,0,0,0,0,1,0
4116,259,Men in Black 3 3D,41052,23,2012,0,1,46,106,99,1740,4.6,1652,9500,41054,25,2012,5.03,0,0,0,0,0,0,0,0,0,0,1,0,8,0,0,0,1,0,0,0,0,0,0,0,0,1,0,0,0,1,0,0,0,0,0,0,0,0,0,0,0,0,0,0,1,0,0,0
4120,893,The Dark Knight Rises,41109,19,2012,0,2,45,165,99,2909,4.8,5166,16700,41148,27,2012,3.39,1,0,0,0,1,1,0,0,0,0,0,0,4,0,1,0,0,0,0,0,0,0,1,0,0,0,0,0,0,0,1,0,0,0,0,0,0,1,0,0,0,0,0,0,0,0,0,0
4125,27,The Lorax,40998,30,2012,0,1,26,86,97,301,4.2,222,792,41117,27,2012,0.14,0,0,1,0,0,0,0,0,0,0,0,0,1,1,0,0,0,0,0,0,0,0,0,0,1,0,0,0,0,1,0,0,0,0,0,0,0,0,0,0,0,1,0,0,0,0,0,0
4150,271,THE HOBBIT: AN UNEXPECTED JOURNEY,41257,14,2012,0,2,49,169,97,1508,4.6,1328,5300,41327,22,2013,3.12,0,1,0,0,0,0,1,0,0,0,0,0,4,1,0,0,0,0,0,1,0,0,0,0,0,0,0,0,0,1,0,0,0,0,0,0,0,0,0,1,0,0,0,0,0,0,0,0
4164,774,Resident Evil：Retribution,41164,12,2012,0,1,33,93,99,5721,3.8,2495,7000,41350,17,2013,1.08,1,0,0,0,0,0,0,0,0,0,1,0,2,0,0,0,1,0,0,0,0,0,0,0,0,0,0,0,1,0,0,0,1,0,0,0,0,0,0,0,0,0,0,1,0,0,0,0
4170,367,SKYFALL,41215,2,2012,0,2,23,143,97,1082,4.2,1545,9100,41295,21,2013,3.76,1,0,0,0,1,1,0,0,0,0,0,0,4,1,0,0,0,0,0,0,0,0,0,0,0,0,1,0,0,0,1,0,0,0,0,0,0,0,0,0,1,0,0,0,0,0,0,0
4180,413,G.I. Joe 2: Retaliation,41360,27,2013,0,1,50,110,99,2223,3.8,1504,8000,41379,15,2013,3.34,1,0,0,0,1,0,0,0,0,0,0,0,4,0,0,0,1,0,0,0,0,0,0,0,1,0,0,0,0,0,1,0,0,0,0,0,1,0,0,0,0,0,0,0,0,0,0,0
4190,625,The Hunger Games,40991,23,2012,0,2,23,143,99,2173,4.3,3615,7200,41074,14,2012,1.75,1,1,0,0,0,1,0,0,0,1,0,1,2,1,0,0,0,0,0,0,0,0,0,0,1,0,0,0,0,0,0,0,0,1,0,0,0,0,0,0,0,0,1,0,0,0,0,0
4195,161,The Bourne Legacy,41130,9,2012,0,2,15,135,98,819,4.2,845,3800,41207,25,2012,2.13,1,0,0,0,0,1,0,0,0,0,0,1,3,0,1,0,0,0,1,0,0,0,0,0,0,0,0,0,0,0,0,0,0,1,0,0,0,0,0,0,0,0,0,0,0,0,1,0
4198,63,Mirror Mirror,41003,4,2012,0,1,46,106,96,466,3.9,385,1500,41061,1,2012,0.44,0,0,0,1,0,0,1,0,0,0,0,0,1,0,0,0,1,1,0,0,0,0,0,0,0,0,0,0,0,1,0,0,0,0,0,0,0,0,0,0,0,0,1,0,0,0,0,0
4213,534,PROMETHEUS,41066,6,2012,0,2,4,124,97,819,3.9,1798,5000,41154,2,2012,2.23,1,1,0,0,0,0,0,0,0,0,1,0,3,0,0,0,1,0,0,0,0,0,0,1,0,0,0,0,0,0,0,0,1,0,0,0,0,0,0,0,0,0,0,0,0,0,0,1
4214,83,Ice Age 4 :Continental Drift,41103,13,2012,0,1,33,93,98,994,4.5,525,3900,41117,27,2012,4.47,0,0,1,0,0,0,0,0,0,0,0,0,5,1,0,0,0,0,0,0,0,0,1,0,0,0,0,0,0,1,0,0,0,0,0,0,0,0,0,0,0,1,0,0,0,0,0,0
4223,134,Despicable Me 2,41458,3,2013,0,1,38,98,97,1572,4.6,1160,6900,41649,10,2014,3.21,0,0,1,1,0,0,0,0,0,0,0,0,4,0,0,0,1,0,0,0,0,0,1,0,0,0,0,0,0,1,0,0,0,0,0,0,0,0,0,0,1,0,0,0,0,0,0,0
4230,57,Hotel Transylvania,41313,8,2013,0,1,32,92,97,697,4.5,498,1900,41579,1,2013,0.73,0,0,1,1,0,0,0,0,0,0,0,0,1,1,0,0,0,0,0,0,1,0,0,0,0,0,0,0,0,1,0,0,0,0,0,0,0,0,0,0,0,0,0,0,0,1,0,0
4240,18,The Cold Light of Day,41061,1,2012,0,1,33,93,95,132,3.3,98,306,41194,12,2012,0.08,0,0,0,0,0,1,0,0,0,0,0,1,1,1,0,0,0,0,0,0,0,0,0,1,0,0,0,0,0,1,0,0,0,0,0,0,0,0,0,0,0,0,0,0,0,0,1,0
4241,38,Lockout,41047,18,2012,0,1,35,95,95,151,4.1,275,701,41128,7,2012,0.35,1,1,0,0,0,0,0,0,0,0,1,1,1,1,0,0,0,0,0,0,0,0,0,0,0,1,0,0,0,0,0,0,0,0,1,0,0,1,0,0,0,0,0,0,0,0,0,0
4243,229,The Expendables 2,41138,17,2012,0,1,43,103,98,1126,4.5,1126,3600,41156,4,2012,3.32,1,1,0,0,0,0,0,0,0,0,0,1,4,1,0,0,0,0,1,0,0,0,0,0,0,0,0,0,0,0,0,0,0,0,1,0,0,0,0,0,0,0,0,0,0,0,0,1
4282,630,SILENT CODE,41138,17,2012,0,1,46,106,93,2951,4.5,2744,2200,41347,14,2013,0.03,0,0,0,0,0,1,0,0,0,1,1,0,1,1,0,0,0,0,1,0,0,0,0,0,0,0,0,0,0,0,0,0,0,1,0,0,0,0,0,0,0,0,0,1,0,0,0,0
4317,208,THE GREAT GATSBY,41411,17,2013,0,2,22,142,97,773,4.6,1171,3800,41516,30,2013,0.82,0,0,0,0,0,1,0,0,0,1,0,0,1,1,0,0,0,0,0,0,0,0,0,0,0,1,0,0,0,1,0,0,0,0,0,0,0,1,0,0,0,0,0,0,0,0,0,0
4324,63,Django Unchained,41332,27,2013,0,2,46,166,93,258,4.4,332,762,41406,12,2013,0.16,1,0,0,0,0,1,0,0,0,0,0,0,1,0,0,0,1,0,0,0,1,0,0,0,0,0,0,0,0,0,0,0,1,0,0,0,0,0,0,0,0,0,0,0,1,0,0,0
4334,367,Les Misérables,41313,8,2013,0,2,38,158,98,3294,4.7,2765,7400,41333,28,2013,0.62,0,0,0,0,0,1,0,0,0,0,0,0,1,1,0,0,0,0,0,0,1,0,0,0,0,0,0,0,0,0,0,0,0,1,0,0,0,0,0,1,0,0,0,0,0,0,0,0
4354,355,Touch of the Light,41173,21,2012,0,1,50,110,96,408,4.8,2188,2500,41433,8,2013,0.08,0,0,0,0,0,1,0,0,0,0,0,0,1,1,0,0,0,0,0,0,0,0,0,0,0,0,0,0,1,0,0,1,0,0,0,0,0,0,0,0,0,0,1,0,0,0,0,0
4359,31,Epic,41425,31,2013,0,1,42,102,95,225,4.3,128,489,41607,29,2013,0.49,0,1,1,0,0,0,0,0,0,0,0,0,1,1,0,0,0,0,0,0,0,0,0,0,0,1,0,0,0,1,0,0,0,0,0,0,0,0,0,0,0,0,0,0,0,1,0,0
4363,190,Upside Down,41191,9,2012,0,1,41,101,97,969,3.5,791,1700,41340,7,2013,0.73,0,0,0,0,0,0,0,0,0,1,1,0,1,0,0,1,0,0,0,0,0,0,0,0,0,0,0,1,0,0,0,0,0,1,0,0,0,0,0,0,0,0,0,1,0,0,0,0
4364,66,Stolen,41173,21,2012,0,1,36,96,97,243,4.2,356,1500,41334,1,2013,0.43,1,0,0,0,0,0,0,0,0,0,0,0,1,1,0,0,0,0,0,0,0,0,0,0,0,0,0,0,1,1,0,0,0,0,0,0,0,0,0,0,0,0,0,1,0,0,0,0
4365,135,Monsters University,41453,28,2013,0,1,51,111,99,3394,4.5,1242,10100,41509,23,2013,2.08,0,0,1,0,0,0,0,0,0,0,0,0,3,1,0,0,0,0,0,0,0,0,0,1,0,0,0,0,0,1,0,0,0,0,0,0,0,1,0,0,0,0,0,0,0,0,0,0
4371,217,JACK REACHER,41270,27,2012,0,2,10,130,98,595,4.4,1180,6100,41321,16,2013,0.95,1,0,0,0,0,0,0,0,0,0,0,1,1,0,1,0,0,0,0,1,0,0,0,0,0,0,0,0,0,0,0,1,0,0,0,0,0,0,0,1,0,0,0,0,0,0,0,0
4372,111,Oz the Great and Powerful,41348,15,2013,0,2,10,130,98,484,4,431,1800,41362,29,2013,1.62,0,0,0,0,0,1,1,0,0,0,0,0,2,1,0,0,0,0,0,0,0,0,0,0,1,0,0,0,0,1,0,0,0,0,0,0,0,0,0,0,0,0,0,1,0,0,0,0
4376,908,Life of Pi,41234,21,2012,0,2,7,127,98,2006,4.7,5895,22900,41235,22,2012,5.73,0,0,0,0,0,1,1,0,0,0,0,0,8,0,0,0,1,0,0,0,0,0,0,0,0,0,1,0,0,0,0,0,0,1,0,0,0,0,0,0,0,0,0,0,0,1,0,0
4380,24,The Expatriate,41173,21,2012,0,1,45,105,83,101,4.1,141,382,41194,12,2012,0.13,1,0,0,0,0,0,0,0,0,0,0,1,1,1,0,0,0,0,0,0,0,0,0,0,0,0,0,0,1,1,0,0,0,0,0,0,0,0,0,0,0,0,0,0,0,0,1,0
4476,101,The Croods,41367,3,2013,0,1,39,99,92,188,4.4,487,1599,41384,20,2013,3.948,0,0,1,0,0,0,0,0,0,0,0,0,4,0,0,0,1,1,0,0,0,0,0,0,0,0,0,0,0,0,0,1,0,0,0,0,1,0,0,0,0,0,0,0,0,0,0,0
4488,636,IRON MAN 3,41388,24,2013,0,2,11,131,99,4863,4.7,3854,23000,41395,1,2013,7.49,1,0,0,0,0,0,0,0,0,0,1,0,6,0,0,0,1,1,0,0,0,0,0,0,0,0,0,0,0,0,0,0,0,0,0,1,0,0,0,0,0,0,0,0,1,0,0,0
4493,136,A GOOD DAY TO DIE HARD,41313,8,2013,0,1,36,96,99,1000,4.2,692,6600,41347,14,2013,1.98,1,0,0,0,0,1,0,0,0,0,0,0,2,1,0,0,0,0,0,0,1,0,0,0,0,0,0,0,0,0,0,0,0,1,0,0,0,0,0,0,0,0,0,1,0,0,0,0
4507,20,The Thieves,41264,21,2012,0,2,16,136,81,138,3.5,114,72,41289,15,2013,0.22,1,0,0,0,1,0,0,0,0,0,0,0,1,1,0,0,0,0,0,1,0,0,0,0,0,0,0,0,0,0,0,0,0,0,1,0,0,0,0,0,1,0,0,0,0,0,0,0
4518,10,Jurassic Park 3D,41397,3,2013,0,2,7,127,66,419,4.1,93,76,41506,20,2013,3.44,0,0,0,0,0,1,0,0,0,0,1,0,4,1,0,0,0,0,0,0,0,0,0,0,0,1,0,0,0,0,0,0,0,0,1,0,0,1,0,0,0,0,0,0,0,0,0,0
4525,440,Machi Action,41292,18,2013,0,1,36,96,95,2926,4.6,3211,1600,41383,19,2013,0.02,1,0,0,1,0,0,0,0,1,0,0,0,1,1,0,0,0,0,0,0,0,1,0,0,0,0,0,0,0,1,0,0,0,0,0,0,1,0,0,0,0,0,0,0,0,0,0,0
4526,95,THE LONE RANGER,41473,18,2013,0,2,29,149,97,516,4.1,378,1200,41552,5,2013,0.79,1,1,0,1,0,0,0,0,0,0,0,0,1,0,1,0,0,0,0,0,0,0,1,0,0,0,0,0,0,0,0,1,0,0,0,0,0,0,0,0,0,0,0,0,0,0,1,0
4534,81,The Last Stand,41292,18,2013,0,1,48,108,92,166,4.6,294,328,41571,24,2013,0.48,1,0,0,0,1,0,0,0,0,0,0,1,1,1,0,0,0,0,0,0,0,1,0,0,0,0,0,0,0,0,0,0,0,1,0,0,0,0,0,0,0,0,0,0,0,0,1,0
4537,176,The Impossible,41306,1,2013,0,1,54,114,96,473,4.6,894,2000,41515,29,2013,0.54,0,0,0,0,0,1,0,0,0,0,0,0,1,1,0,0,0,0,0,0,1,0,0,0,0,0,0,0,0,0,0,0,0,1,0,0,0,1,0,0,0,0,0,0,0,0,0,0
4540,10,Life without Principle,41243,30,2012,0,1,46,106,63,8,4.1,94,11,40942,3,2012,0.26,0,0,0,0,1,1,0,0,0,0,0,0,1,1,0,0,0,0,0,0,0,0,0,0,0,0,1,0,0,1,0,0,0,0,0,0,0,0,0,1,0,0,0,0,0,0,0,0
4547,217,A Werewolf Boy,41271,28,2012,0,2,6,126,95,819,4.7,1488,661,41627,19,2013,0.02,0,0,0,0,0,1,0,0,0,1,0,0,1,1,0,0,0,0,0,1,0,0,0,0,0,0,0,0,0,0,0,0,0,1,0,0,0,0,1,0,0,0,0,0,0,0,0,0
4553,248,After Earth,41430,5,2013,0,1,40,100,97,1040,2.9,756,2400,41467,12,2013,2.13,1,0,0,0,0,0,0,0,0,0,1,0,3,0,0,0,1,0,0,0,0,0,0,1,0,0,0,0,0,1,0,0,0,0,0,0,0,0,0,0,0,1,0,0,0,0,0,0
4557,228,Star Trek Into Darkness,41404,10,2013,0,2,12,132,97,465,4.8,1309,3400,41422,28,2013,0.03,1,0,0,0,0,0,0,0,0,0,1,0,1,1,0,0,0,0,0,0,0,0,0,0,0,1,0,0,0,0,0,0,0,0,1,0,0,0,0,0,0,0,0,0,1,0,0,0
4560,401,OBLIVION,41375,11,2013,0,2,4,124,98,685,4.3,1439,5400,41404,10,2013,1.47,1,0,0,0,0,0,0,0,0,0,1,0,2,0,1,0,0,1,0,0,0,0,0,0,0,0,0,0,0,1,0,0,0,0,0,0,0,0,0,0,0,0,0,0,1,0,0,0
4566,191,JACK THE GIANT SLAYER,41332,27,2013,0,1,44,104,97,416,4.5,927,3300,41358,25,2013,0.53,1,1,0,0,0,1,1,0,0,0,0,0,1,0,0,0,1,0,0,0,1,0,0,0,0,0,0,0,0,0,1,0,0,0,0,0,0,0,0,0,0,0,0,1,0,0,0,0
4569,614,MAN OF STEEL,41437,12,2013,0,2,23,143,96,1029,4.3,2028,7000,41445,20,2013,3.92,1,0,0,0,0,0,0,0,0,0,1,0,4,0,0,0,1,0,0,0,0,0,0,1,0,0,0,0,0,0,0,0,0,1,0,0,0,0,0,0,0,0,1,0,0,0,0,0
4584,213,The Wolverine,41481,26,2013,0,2,6,126,97,1048,3.9,848,4100,41564,17,2013,2.49,1,0,0,0,0,0,0,0,0,0,1,0,3,1,0,0,0,0,0,0,0,0,1,0,0,0,0,0,0,0,0,0,0,1,0,0,0,0,0,0,0,0,0,0,0,0,1,0
4587,855,PACIFIC RIM,41466,11,2013,0,2,11,131,96,1505,4.5,4013,12300,41486,31,2013,6.9,1,0,0,0,0,0,0,0,0,0,1,0,6,0,1,0,0,0,0,0,0,0,1,0,0,0,0,0,0,0,0,0,0,0,0,1,0,0,0,0,0,1,0,0,0,0,0,0
4588,5,SMURFS 2,41509,23,2013,0,1,45,105,86,227,3.7,73,509,41529,12,2013,1.35,0,0,0,1,0,0,0,0,1,0,0,0,2,1,0,0,0,0,1,0,0,0,0,0,0,0,0,0,0,0,0,0,0,1,0,0,0,0,0,0,0,0,0,0,0,0,0,1
4591,502,Journey to the West: Conquering the Demons,41312,7,2013,0,1,50,110,83,673,4.1,1496,2700,41315,10,2013,12.4,0,1,0,0,0,1,1,0,0,0,0,0,7,0,1,0,0,0,0,0,1,0,0,0,0,0,0,0,0,0,0,0,1,0,0,0,0,0,0,1,0,0,0,0,0,0,0,0
4623,438,OLYMPUS HAS FALLEN,41355,22,2013,0,2,0,120,97,272,4.7,2188,4700,41637,29,2013,0.36,1,0,0,0,0,0,0,0,0,0,0,0,1,1,0,0,0,0,0,0,0,0,0,0,1,0,0,0,0,0,0,0,1,0,0,0,0,0,1,0,0,0,0,0,0,0,0,0
4624,220,Saving General Yang,41367,3,2013,0,1,42,102,91,574,4.4,921,870,41368,4,2013,0.61,1,0,0,0,0,0,0,0,1,0,0,0,1,0,0,0,1,1,0,0,0,0,0,0,0,0,0,0,0,0,0,0,0,1,0,0,1,0,0,0,0,0,0,0,0,0,0,0
4625,27,Fly Me to the Moon,41341,8,2013,0,1,45,105,76,70,4.2,138,89,41572,25,2013,0.3,0,0,0,1,0,0,0,0,0,1,0,0,1,1,0,0,0,0,0,0,0,0,0,0,1,0,0,0,0,1,0,0,0,0,0,0,0,0,0,0,0,0,0,0,0,0,1,0
4631,559,FAST & FURIOUS 6,41416,22,2013,0,2,10,130,99,4106,4.8,4403,16400,41481,26,2013,4.11,1,0,0,0,0,1,0,0,0,0,0,0,5,0,0,0,1,0,0,0,0,0,0,0,0,1,0,0,0,1,0,0,0,0,0,0,0,0,0,0,0,1,0,0,0,0,0,0
4634,166,CITY OF BONES,41516,30,2013,0,2,10,130,97,1036,4.2,797,1700,41642,3,2014,0.27,0,1,0,0,0,0,1,0,0,1,0,0,1,1,0,0,0,0,1,0,0,0,0,0,0,0,0,0,0,1,0,0,0,0,0,0,0,0,0,0,1,0,0,0,0,0,0,0
4636,5,Justin & the Knights of Valour,41628,20,2013,0,1,30,90,77,94,3.1,27,52,41726,28,2014,0.09,0,0,1,0,0,0,0,0,0,0,0,0,1,1,0,0,0,0,0,1,0,0,0,0,0,0,0,0,0,1,0,0,0,0,0,0,0,0,0,0,0,0,0,1,0,0,0,0
4648,625,RooFToP,41466,11,2013,0,2,0,120,84,1934,4.2,2135,712,41466,11,2013,1.18,1,0,0,0,0,0,0,0,1,1,0,0,2,0,1,0,0,0,0,0,0,0,1,0,0,0,0,0,0,0,0,0,0,1,0,0,0,0,0,0,0,1,0,0,0,0,0,0
4678,7,Conspirators,41383,19,2013,0,1,43,103,90,78,3.7,54,32,41391,27,2013,0.22,0,0,0,0,1,0,0,0,0,0,0,1,1,1,0,0,0,1,0,0,0,0,0,0,0,0,0,0,0,0,0,1,0,0,0,0,1,0,0,0,0,0,0,0,0,0,0,0
4680,25,Turbo,41488,2,2013,0,1,36,96,93,211,4.4,150,882,41535,18,2013,1.11,0,0,1,0,0,0,0,0,0,0,0,0,2,1,0,0,0,0,1,0,0,0,0,0,0,0,0,0,0,0,0,0,0,0,0,1,0,0,0,0,0,0,0,0,0,0,0,1
4694,151,White House Down,41458,3,2013,0,2,12,132,91,258,4.5,782,2800,41477,22,2013,1.76,1,0,0,0,0,0,0,0,0,0,0,1,2,0,0,0,1,0,0,0,0,0,1,0,0,0,0,0,0,0,1,0,0,0,0,0,0,0,0,0,0,1,0,0,0,0,0,0
4697,210,Elysium,41493,7,2013,0,1,50,110,97,445,4.1,816,4900,41522,5,2013,1.58,1,0,0,0,0,1,0,0,0,0,0,0,2,0,0,0,1,0,1,0,0,0,0,0,0,0,0,0,0,0,0,0,0,1,0,0,0,0,0,0,0,0,0,0,0,0,0,1
4704,327,Now You See Me,41425,31,2013,0,1,55,115,99,619,4.7,2343,6800,41557,10,2013,1.41,1,0,0,0,1,0,0,0,0,0,0,0,2,1,0,0,0,0,0,0,0,0,0,0,0,1,0,0,0,0,0,0,0,1,0,0,0,0,0,0,0,0,0,0,0,0,1,0
4705,2,Escape From Tibet,41411,17,2013,0,1,41,101,95,76,3.8,26,158,41582,4,2013,2.53,0,1,0,0,0,1,0,0,0,0,0,0,3,1,0,0,0,0,0,0,0,0,0,0,0,1,0,0,0,0,1,0,0,0,0,0,0,0,0,0,0,0,0,0,0,1,0,0
4717,48,Christmas Rose,41417,23,2013,0,1,30,90,96,1554,4.1,269,319,41418,24,2013,0.21,0,0,0,0,0,1,0,0,0,0,0,1,1,0,1,0,0,0,0,0,0,0,0,0,0,1,0,0,0,1,0,0,0,0,0,0,0,0,0,0,0,0,0,0,1,0,0,0
4718,139,Ender’s Game,41628,20,2013,0,1,54,114,95,310,4.2,443,1400,41646,7,2014,1.38,0,0,0,0,0,0,0,0,1,0,1,0,2,1,0,0,0,0,0,1,0,0,0,0,0,0,0,0,0,0,0,0,0,0,1,0,0,0,0,0,1,0,0,0,0,0,0,0
4731,278,THOR  THE DARK WORLD,41578,31,2013,0,1,52,112,98,2096,4.7,1626,11700,41586,8,2013,3.39,1,1,0,0,0,0,0,0,0,0,0,0,4,0,1,0,0,0,0,0,0,0,0,0,0,0,0,1,0,1,0,0,0,0,0,0,0,0,0,0,0,0,0,0,0,1,0,0
4758,65,RED 2,41474,19,2013,0,1,56,116,97,338,4.5,455,2200,41593,15,2013,0.55,1,0,0,0,0,0,0,0,0,0,0,0,1,1,0,0,0,0,0,0,0,0,1,0,0,0,0,0,0,1,0,0,0,0,0,0,0,0,0,0,0,0,0,0,0,1,0,0
4763,15,RIO 2,41732,3,2014,0,1,41,101,94,254,3.7,104,1000,41740,11,2014,2.43,0,0,1,1,0,0,0,0,0,0,0,0,3,0,1,0,0,1,0,0,0,0,0,0,0,0,0,0,0,1,0,0,0,0,0,0,1,0,0,0,0,0,0,0,0,0,0,0
4776,7,fire with fire,41432,7,2013,0,1,28,88,81,31,3.8,29,11,41971,28,2014,0.06,0,0,0,0,0,0,0,1,0,0,0,1,1,1,0,0,0,0,0,0,0,0,0,1,0,0,0,0,0,1,0,0,0,0,0,0,0,0,0,0,0,0,0,0,0,1,0,0
4802,5,Saving Mother Robot,41495,9,2013,0,1,28,88,64,137,3.4,52,168,41495,9,2013,0.01,0,0,0,0,0,1,0,0,0,0,0,0,1,1,0,0,0,0,1,0,0,0,0,0,0,0,0,0,0,1,0,0,0,0,0,0,0,1,0,0,0,0,0,0,0,0,0,0
4803,59,Jobs,41544,27,2013,0,2,8,128,94,516,3.4,274,1300,41544,27,2013,0.06,0,0,0,0,0,1,0,0,0,0,0,0,1,1,0,0,0,0,0,0,0,0,0,0,0,0,0,0,1,1,0,0,0,0,0,0,0,0,0,0,0,0,0,0,0,0,0,1
4822,13,Killing Season,41516,30,2013,0,1,31,91,90,79,3.6,50,143,42174,19,2015,0.01,1,0,0,0,0,0,0,0,0,0,0,1,1,1,0,0,0,0,1,0,0,0,0,0,0,0,0,0,0,1,0,0,0,0,0,0,0,0,0,0,0,0,1,0,0,0,0,0
4825,49,Seventh Son,42004,31,2014,0,1,43,103,94,124,2.5,174,1800,42020,16,2015,1.61,0,1,0,0,0,0,1,0,0,0,0,0,2,0,0,0,1,0,0,1,0,0,0,0,0,0,0,0,0,1,0,0,0,0,0,0,0,0,0,0,1,0,0,0,0,0,0,0
4838,151,The Maze Runner,41894,12,2014,0,1,54,114,99,672,4.4,971,8700,41940,28,2014,1.47,0,0,0,0,0,0,0,0,0,0,0,1,2,1,0,0,0,0,0,0,0,0,0,0,0,0,0,0,1,0,0,0,0,0,1,0,0,0,0,0,0,0,0,0,0,0,1,0
4847,8,The Vocano,41593,15,2013,0,1,33,93,97,58,4.1,42,130,41768,9,2014,0.02,0,0,0,1,0,0,0,0,0,0,0,0,1,1,0,0,0,0,0,0,0,0,0,0,0,0,1,0,0,1,0,0,0,0,0,0,0,0,0,0,0,0,0,0,1,0,0,0
4855,119,MayDay Nowhere3D,41535,18,2013,0,2,0,120,98,3889,4.7,1682,1800,41536,19,2013,0.19,0,0,0,0,0,0,0,0,1,0,0,0,1,0,0,0,1,0,0,0,0,0,0,0,0,0,0,0,1,0,0,0,0,1,0,0,0,0,0,0,0,0,0,0,0,0,0,1
4872,79,SNOWPIERCER,41614,6,2013,0,2,6,126,77,165,3.7,218,723,41715,17,2014,0.68,0,0,0,0,0,1,0,0,0,0,0,0,1,1,0,0,0,0,0,1,0,0,0,0,0,0,0,0,0,0,1,0,0,0,0,0,0,0,0,0,0,0,0,1,0,0,0,0
4875,66,Special ID,41565,18,2013,0,1,25,85,94,176,3.7,216,285,41565,18,2013,1.54,1,0,0,0,0,0,0,0,0,0,0,0,2,1,0,0,0,0,0,0,0,0,0,0,0,0,0,1,0,1,0,0,0,0,0,0,0,0,0,0,0,0,0,0,0,0,1,0
4884,250,FROZEN,41635,27,2013,0,1,48,108,98,278,4.9,1854,5300,41675,5,2014,2.96,0,0,1,0,0,0,0,0,0,0,0,0,3,1,0,0,0,0,0,1,0,0,0,0,0,0,0,0,0,0,0,0,0,0,0,1,0,0,0,1,0,0,0,0,0,0,0,0
4885,107,Campus Confidential,41614,6,2013,0,1,42,102,92,1266,4.5,833,842,41744,15,2014,0.05,0,0,0,1,0,0,0,0,0,1,0,0,1,1,0,0,0,0,0,1,0,0,0,0,0,0,0,0,0,0,0,0,0,0,1,0,1,0,0,0,0,0,0,0,0,0,0,0
4891,58,Rhythm of The Rain,41551,4,2013,0,1,58,118,94,400,3.9,297,361,41621,13,2013,0.01,0,0,0,0,0,0,0,0,1,1,0,0,1,1,0,0,0,0,0,0,0,0,0,0,0,0,0,1,0,1,0,0,0,0,0,0,0,0,1,0,0,0,0,0,0,0,0,0
4909,173,Robocop,41669,30,2014,0,1,58,118,97,542,4.2,710,5000,41698,28,2014,3.12,1,0,0,0,0,0,0,0,0,0,1,0,4,0,1,0,0,0,0,0,0,1,0,0,0,0,0,0,0,1,0,0,0,0,0,0,0,0,0,1,0,0,0,0,0,0,0,0
4923,161,Divergent,41740,11,2014,0,2,20,140,97,286,4.5,993,3600,41890,8,2014,0.76,1,1,0,0,0,0,0,0,0,1,0,0,1,1,0,0,0,1,0,0,0,0,0,0,0,0,0,0,0,0,1,0,0,0,0,0,0,0,0,0,0,0,0,0,0,0,0,1
4927,6,A Little Bird,41551,4,2013,0,1,33,93,53,17,1.6,44,1900,41620,12,2013,3.1,0,0,1,0,0,0,0,0,1,0,0,0,4,1,0,0,0,0,0,0,0,0,0,0,0,0,0,1,0,0,0,0,0,1,0,0,0,0,1,0,0,0,0,0,0,0,0,0
4934,716,Transformers: Age of Extinction,41815,25,2014,0,2,45,165,97,2396,3.7,2205,20700,41817,27,2014,19.7,1,1,0,0,0,0,0,0,0,0,1,0,7,0,0,0,1,0,0,0,0,0,0,1,0,0,0,0,0,1,0,0,0,0,0,0,0,0,0,0,0,0,1,0,0,0,0,0
4935,7,Love Transplantation,41593,15,2013,0,1,34,94,86,112,4.2,41,23,41607,29,2013,0.008,0,0,0,0,0,0,0,0,1,1,0,0,1,1,0,0,0,0,0,0,0,0,0,0,0,0,1,0,0,1,0,0,0,0,0,0,0,0,0,0,0,0,0,0,0,1,0,0
4937,232,THE HOBBIT: THE DESOLATION OF SMAUG,41621,13,2013,0,2,41,161,99,936,4.6,1197,6100,41691,21,2014,4.58,0,1,0,0,0,0,1,0,0,0,0,0,5,1,0,0,0,0,0,1,0,0,0,0,0,0,0,0,0,1,0,0,0,0,0,0,0,0,0,1,0,0,0,0,0,0,0,0
4971,247,Captain America: The Winter Soldier,41725,27,2014,0,2,16,136,98,724,4.7,1593,11300,41733,4,2014,7.13,1,1,0,0,0,0,0,0,0,0,0,0,6,0,1,0,0,0,0,0,0,0,0,0,1,0,0,0,0,1,0,0,0,0,0,0,1,0,0,0,0,0,0,0,0,0,0,0
4973,2,THE WAY WE DANCE,41593,15,2013,0,1,50,110,67,18,3.5,20,32,41698,28,2014,0.006,0,0,0,0,0,0,0,0,1,0,0,0,1,1,0,0,0,0,0,0,0,0,0,0,0,0,1,0,0,1,0,0,0,0,0,0,0,0,0,1,0,0,0,0,0,0,0,0
4981,1,Bends,41600,22,2013,0,1,36,96,76,29,2.8,10,23,41684,14,2014,0.14,0,0,0,0,0,1,0,0,0,0,0,0,1,1,0,0,0,0,0,0,0,0,0,0,0,0,1,0,0,1,0,0,0,0,0,0,0,0,0,1,0,0,0,0,0,0,0,0
4983,249,X-MEN: DAYS OF FUTURE PAST,41780,21,2014,0,2,12,132,98,692,4.5,1242,9200,41782,23,2014,7.19,1,0,0,0,0,1,0,0,0,0,1,0,6,0,0,0,1,0,0,0,0,0,0,0,0,1,0,0,0,1,0,0,0,0,0,0,0,0,0,0,0,0,0,0,1,0,0,0
4984,43,Homefront,41607,29,2013,0,1,30,90,98,123,4.4,179,677,41712,14,2014,0.3,0,0,0,0,1,1,0,0,0,0,0,0,1,1,0,0,0,0,0,0,0,0,0,0,0,0,1,0,0,1,0,0,0,0,0,0,0,0,0,0,0,0,0,1,0,0,0,0
4985,19,Mr. Peabody & Sherman,41697,27,2014,0,1,33,93,96,81,4.3,150,835,41726,28,2014,1.18,0,0,1,0,0,0,0,0,0,0,0,0,2,0,1,0,0,0,0,0,1,0,0,0,0,0,0,0,0,1,0,0,0,0,0,0,0,0,0,0,0,0,0,1,0,0,0,0
4991,52,"I, Frankenstein",41669,30,2014,0,1,32,92,96,280,3.6,217,1500,42150,26,2015,0.46,1,0,0,0,0,0,0,0,0,0,1,0,1,0,1,0,0,0,0,0,0,1,0,0,0,0,0,0,0,0,0,0,0,0,1,0,0,0,0,0,0,0,0,0,1,0,0,0
4992,154,NON STOP,41712,14,2014,0,1,46,106,99,360,4.5,839,4300,41901,19,2014,1.02,1,0,0,0,0,0,0,0,0,0,0,1,2,1,0,0,0,0,0,0,0,0,0,0,1,0,0,0,0,1,0,0,0,0,0,0,0,0,0,0,0,0,0,0,0,0,0,1
5016,158,Sweet Alibis,41656,17,2014,0,1,52,112,95,722,4.5,1074,854,41705,7,2014,0.35,1,0,0,0,0,1,0,0,0,0,0,0,1,1,0,0,0,0,0,0,0,1,0,0,0,0,0,0,0,1,0,0,0,0,0,0,0,0,0,0,0,0,0,1,0,0,0,0
5019,262,MALEFICENT,41789,30,2014,0,1,38,98,98,881,4.6,1702,8300,41810,20,2014,2.96,0,0,0,0,0,0,1,0,0,0,0,0,3,1,0,0,0,0,0,0,0,0,0,0,0,1,0,0,0,1,0,0,0,0,0,0,0,0,0,0,0,0,1,0,0,0,0,0
5024,100,Pompeii,41691,21,2014,0,2,25,145,96,170,4.2,392,2300,41866,15,2014,0.96,1,1,0,0,0,0,0,0,0,0,0,0,1,1,0,0,0,0,0,0,1,0,0,0,0,0,0,0,0,1,0,0,0,0,0,0,0,1,0,0,0,0,0,0,0,0,0,0
5025,16,Tarzan,41669,30,2014,0,1,34,94,66,56,2.7,61,340,41872,21,2014,0.1935,0,1,1,0,0,0,0,0,0,0,0,0,1,0,1,0,0,0,0,0,0,1,0,0,0,0,0,0,0,0,0,0,0,1,0,0,0,1,0,0,0,0,0,0,0,0,0,0
5031,58,The Legend of Hercules,41649,10,2014,0,1,40,100,89,84,3.3,199,723,41740,11,2014,0.24,1,1,0,0,0,0,0,0,0,0,0,0,1,1,0,0,0,0,0,0,0,1,0,0,0,0,0,0,0,1,0,0,0,0,0,0,1,0,0,0,0,0,0,0,0,0,0,0
5033,22,The Monuments Men,41712,14,2014,0,1,59,119,98,113,3.4,94,663,41726,28,2014,0.46,0,1,0,0,0,0,0,0,0,0,0,0,1,1,0,0,0,0,0,0,0,0,0,0,1,0,0,0,0,1,0,0,0,0,0,0,0,0,0,0,0,0,0,1,0,0,0,0
5045,94,Brick mansions,41760,1,2014,0,1,30,90,98,711,4.5,550,2184,41852,1,2014,1.8755,1,0,0,0,0,0,0,0,0,0,0,0,2,0,1,0,0,0,0,0,0,0,0,0,0,1,0,0,0,1,0,0,0,0,0,0,0,1,0,0,0,0,0,0,0,0,0,0
5062,338,The Amazing Spider-man 2: Rise of Electro,41752,23,2014,0,2,23,143,98,553,4.3,1307,10100,41763,4,2014,5.82,1,0,0,0,0,0,0,0,0,0,1,0,8,0,0,0,1,1,0,0,0,0,0,0,0,0,0,0,0,0,0,0,1,0,0,0,0,0,0,0,0,0,0,0,1,0,0,0
5067,508,GODZILLA 3D,41775,16,2014,0,2,3,123,98,1281,4.2,1738,7800,41803,13,2014,4.78,1,1,0,0,0,0,0,0,0,0,0,0,5,1,0,0,0,0,0,0,0,0,0,0,0,1,0,0,0,1,0,0,0,0,0,0,0,0,0,0,0,0,1,0,0,0,0,0
5068,359,EDGE OF TOMORROW,41789,30,2014,0,1,54,114,97,444,4.6,1665,9100,41796,6,2014,4.04,1,0,0,0,0,0,0,0,0,0,1,0,5,1,0,0,0,0,0,0,0,0,0,0,0,1,0,0,0,1,0,0,0,0,0,0,0,0,0,0,0,0,1,0,0,0,0,0
5069,310,INTERSTELLAR,41950,7,2014,0,2,49,169,96,314,4.7,1730,13200,41955,12,2014,7.48,1,0,0,0,0,0,0,0,0,0,1,0,6,1,0,0,0,0,0,0,0,0,0,0,0,0,1,0,0,0,0,0,0,0,0,1,0,0,0,0,0,0,0,0,0,1,0,0
5075,15,One Minute More,41768,9,2014,0,1,52,112,95,359,4.4,174,173,42174,19,2015,0.12,0,0,0,0,0,1,0,0,0,0,0,0,1,1,0,0,0,0,0,0,0,0,0,0,0,1,0,0,0,1,0,0,0,0,0,0,0,0,0,0,0,0,1,0,0,0,0,0
5081,198,Dawn of the Planet of the Apes,41836,16,2014,0,2,10,130,97,542,4.5,942,7700,41880,29,2014,7.07,1,0,0,0,0,0,0,0,0,0,1,1,6,0,0,0,1,0,0,0,0,0,1,0,0,0,0,0,0,1,0,0,0,0,0,0,0,1,0,0,0,0,0,0,0,0,0,0
5110,123,NEED FOR SPEED,41712,14,2014,0,2,11,131,97,185,4.4,587,2000,41712,14,2014,4.09,1,0,0,0,0,0,0,0,0,0,0,0,5,1,0,0,0,0,0,0,0,0,0,0,1,0,0,0,0,1,0,0,0,0,0,0,0,0,0,0,0,0,0,1,0,0,0,0
5113,111,How to Train Your Dragon 2,41824,4,2014,0,1,42,102,97,683,4.6,775,4900,41865,14,2014,4.01,0,0,1,0,0,0,0,0,0,0,0,0,5,1,0,0,0,0,0,0,0,0,1,0,0,0,0,0,0,0,0,0,0,1,0,0,0,1,0,0,0,0,0,0,0,0,0,0
5122,10,Sabotage,41740,11,2014,0,1,49,109,94,48,3.6,67,240,42118,24,2015,0.16,1,0,0,0,1,0,0,0,0,0,0,1,1,1,0,0,0,1,0,0,0,0,0,0,0,0,0,0,0,1,0,0,0,0,0,0,1,0,0,0,0,0,0,0,0,0,0,0
5126,105,Guardians of the Galaxy,41851,31,2014,0,2,1,121,94,272,4.5,647,4300,41922,10,2014,5.9,1,1,0,0,0,0,0,0,0,0,0,0,8,0,1,0,0,0,0,0,0,0,1,0,0,0,0,0,0,1,0,0,0,0,0,0,0,0,0,0,0,0,0,0,0,0,1,0
5155,51,Dhoom3,41768,9,2014,0,2,30,150,95,132,4.4,192,114,41845,25,2014,0.1971,1,0,0,0,0,0,0,0,0,0,0,0,1,1,0,0,0,0,0,0,0,0,0,0,0,1,0,0,0,1,0,0,0,0,0,0,0,0,0,0,0,1,0,0,0,0,0,0
5171,6,Grace Of Monaco,41796,6,2014,0,1,43,103,95,193,4.1,66,349,41810,20,2014,0.25,0,0,0,0,0,0,0,0,0,1,0,0,1,1,0,0,0,0,0,0,0,0,0,1,0,0,0,0,0,1,0,0,0,0,0,0,0,0,0,0,0,0,1,0,0,0,0,0
5172,62,Hercules,41844,24,2014,0,1,37,97,95,180,4.2,328,2700,41933,21,2014,0.68,1,1,0,0,0,0,0,0,0,0,0,0,1,0,1,0,0,0,0,0,0,0,1,0,0,0,0,0,0,0,0,0,0,0,1,0,0,0,0,0,0,0,0,0,0,0,1,0
5174,56,Into the Storm,41859,8,2014,0,1,29,89,96,353,4.3,318,1900,41894,12,2014,1.07,0,0,0,0,0,1,0,0,0,0,0,0,2,1,0,0,0,0,1,0,0,0,0,0,0,0,0,0,0,1,0,0,0,0,0,0,0,0,0,0,0,0,0,0,0,0,0,1
5175,138,Teenage Mutant Ninja Turtles,41859,8,2014,0,1,41,101,93,356,4.6,762,5300,41943,31,2014,3.8,0,1,0,1,0,0,0,0,0,0,0,0,4,1,0,0,0,0,1,0,0,0,0,0,0,0,0,0,0,1,0,0,0,0,0,0,0,0,0,0,0,0,0,0,0,0,1,0
5178,56,The Expendables 3,41866,15,2014,0,2,7,127,97,406,4.4,298,2100,41883,1,2014,4.49,1,1,0,0,0,0,0,0,0,0,0,0,5,1,0,0,0,0,1,0,0,0,0,0,0,0,0,0,0,0,1,0,0,0,0,0,0,0,0,0,0,0,0,0,0,0,0,1
5180,443,Lucy,41871,20,2014,0,1,30,90,99,2382,3.9,1878,14800,41936,24,2014,2.74,1,0,0,0,0,1,0,0,0,0,0,0,3,0,0,0,1,0,1,0,0,0,0,0,0,0,0,0,0,1,0,0,0,0,0,0,0,0,0,0,0,0,0,0,0,0,1,0
5186,2,Khumba,41803,13,2014,0,1,26,86,89,47,3.7,26,46,42004,31,2014,0.3863,0,0,1,0,0,0,0,0,0,0,0,0,1,1,0,0,0,0,0,0,0,0,0,1,0,0,0,0,0,0,0,0,0,0,0,1,0,0,1,0,0,0,0,0,0,0,0,0
5202,360,Café．Waiting．Love,41866,15,2014,0,1,59,119,97,2153,4.3,2272,7600,41929,17,2014,0.07,0,0,0,1,0,1,0,0,0,1,0,0,1,1,0,0,0,0,1,0,0,0,0,0,0,0,0,0,0,1,0,0,0,0,0,0,0,0,0,0,0,0,0,0,0,0,1,0
5238,4,Z Storm,41824,4,2014,0,1,32,92,81,100,3.9,96,55,41867,16,2014,0.94,1,0,0,0,1,0,0,0,0,0,0,0,1,1,0,0,0,0,0,0,0,0,1,0,0,0,0,0,0,0,0,1,0,0,0,0,0,1,0,0,0,0,0,0,0,0,0,0
5252,1,Minuscule: Valley of the Lost Ants,41831,11,2014,0,1,29,89,85,47,4,29,112,41873,22,2014,0.27,0,1,1,0,0,0,0,0,0,0,0,0,1,1,0,0,0,0,0,0,0,0,1,0,0,0,0,0,0,1,0,0,0,0,0,0,0,1,0,0,0,0,0,0,0,0,0,0
5273,10,But Always,41887,5,2014,0,1,46,106,97,820,4.2,187,211,41887,5,2014,2.26,0,0,0,0,0,0,0,0,0,1,0,0,3,1,0,0,0,0,0,0,0,0,0,0,0,0,0,0,1,1,0,0,0,0,0,0,0,0,0,0,0,0,0,0,0,0,0,1
5285,192,Kingsman: The Secret Service,42053,18,2015,0,2,9,129,97,150,4.8,1236,13113,42090,27,2015,4.84,1,1,0,0,0,0,0,0,0,0,0,0,5,0,0,0,1,0,0,0,1,0,0,0,0,0,0,0,0,1,0,0,0,0,0,0,0,0,0,0,0,0,0,1,0,0,0,0
5293,4,Deepsea Challenge,41859,8,2014,0,1,30,90,86,43,3.7,27,52,42047,12,2015,0.0238,0,1,0,0,0,0,0,0,1,0,0,0,1,1,0,0,0,0,1,0,0,0,0,0,0,0,0,0,0,0,0,0,0,1,0,0,0,0,0,1,0,0,0,0,0,0,0,0
5297,194,The Hunger Games: Mockingjay - Part Ⅰ,41964,21,2014,0,2,3,123,98,864,3.6,697,7000,42043,8,2015,1.97,1,1,0,0,0,0,0,0,0,0,1,0,2,1,0,0,0,0,0,0,0,0,0,0,0,0,1,0,0,0,0,0,1,0,0,0,0,0,0,1,0,0,0,0,0,0,0,0
5315,36,Murmur Of The Hearts,42104,10,2015,0,1,59,119,94,160,4.1,117,651,42124,30,2015,0.13,0,0,0,0,0,1,0,0,1,0,0,0,1,1,0,0,0,1,0,0,0,0,0,0,0,0,0,0,0,0,0,0,0,1,0,0,1,0,0,0,0,0,0,0,0,0,0,0
5343,82,Fury,41957,14,2014,0,2,15,135,99,581,4.6,469,2200,41964,21,2014,1.18,1,0,0,0,0,0,0,0,1,0,0,0,2,1,0,0,0,0,0,0,0,0,0,0,0,0,1,0,0,1,0,0,0,0,0,0,0,0,0,0,0,0,0,0,0,1,0,0
5344,20,Unbroken,42027,23,2015,0,2,17,137,96,172,4.4,125,530,42034,30,2015,0.33,0,0,0,1,0,1,0,0,0,0,0,0,1,1,0,0,0,0,0,0,0,1,0,0,0,0,0,0,0,1,0,0,0,0,0,0,0,0,0,0,1,0,0,0,0,0,0,0
5348,42,Good People,41908,26,2014,0,1,29,89,98,58,4,87,218,42188,3,2015,0.0457,1,0,0,0,0,0,0,0,0,0,0,1,1,1,0,0,0,0,0,0,0,0,0,0,0,0,0,0,1,1,0,0,0,0,0,0,0,0,0,0,0,1,0,0,0,0,0,0
5351,86,The Hobbit: The Battle of the Five Armies,41990,17,2014,0,2,24,144,99,552,4.6,622,7000,42027,23,2015,7.51,1,0,0,0,0,0,1,0,0,0,0,0,6,0,0,0,1,0,0,1,0,0,0,0,0,0,0,0,0,1,0,0,0,0,0,0,0,0,0,0,1,0,0,0,0,0,0,0
5355,25,SPONGEBOB: SPONGE OUT OF WATER,42034,30,2015,0,1,33,93,89,167,3.8,117,1100,42339,1,2015,0.497,0,0,1,1,0,0,0,0,0,0,0,0,1,1,0,0,0,0,0,0,0,1,0,0,0,0,0,0,0,0,0,0,0,0,1,0,0,0,1,0,0,0,0,0,0,0,0,0
5357,43,KUNG FU JUNGLE,41943,31,2014,0,1,40,100,98,627,4.5,473,597,41943,31,2014,1.03,1,0,0,0,0,0,0,0,0,0,0,0,2,1,0,0,0,0,0,0,0,0,0,0,0,0,0,1,0,1,0,0,0,0,0,0,0,0,0,0,0,0,0,0,0,0,1,0
5363,35,Night at the Museum: Secret of the Tomb,41997,24,2014,0,1,38,98,98,354,4.5,260,5500,42008,4,2015,3.2,0,1,0,1,0,0,0,0,0,0,0,0,4,0,0,0,1,0,0,1,0,0,0,0,0,0,0,0,0,0,0,0,1,0,0,0,0,0,0,0,1,0,0,0,0,0,0,0
5374,9,Home,42090,27,2015,0,1,34,94,80,59,4.4,87,900,42118,24,2015,1.72,0,0,1,0,0,0,0,0,0,0,0,0,2,1,0,0,0,0,0,0,0,0,0,0,1,0,0,0,0,1,0,0,0,0,0,0,1,0,0,0,0,0,0,0,0,0,0,0
5408,25,Sex Appeal,41936,24,2014,0,1,49,109,95,203,4.4,181,408,41936,24,2014,0.11,0,0,0,0,0,1,0,0,0,0,0,0,1,1,0,0,0,0,0,0,0,0,0,0,0,0,0,1,0,1,0,0,0,0,0,0,0,0,0,0,0,0,0,0,0,0,1,0
5412,1,My Brilliant Life,41915,3,2014,0,1,57,117,77,71,3.3,30,23,42076,13,2015,0.058,0,0,0,1,0,1,0,0,1,0,0,0,1,1,0,0,0,0,0,0,0,0,0,0,0,0,0,1,0,1,0,0,0,0,0,0,0,0,0,0,0,0,0,1,0,0,0,0
5416,58,STAND BY ME Doraemon,41992,19,2014,0,1,35,95,97,820,4.6,316,1143,42152,28,2015,5.29,0,0,1,0,0,0,0,0,0,0,0,0,8,1,0,0,0,0,0,1,0,0,0,0,0,0,0,0,0,0,0,0,0,1,0,0,0,0,0,0,0,0,0,0,1,0,0,0
5421,45,SECOND CHANCE,41950,7,2014,0,1,45,105,99,1768,4.7,807,667,42272,25,2015,0.004,0,0,0,0,0,1,0,0,0,0,0,0,1,1,0,0,0,0,0,0,0,0,0,0,0,0,1,0,0,1,0,0,0,0,0,0,0,0,0,0,0,0,0,0,0,0,0,1
5426,111,Big Hero 6,42004,31,2014,0,1,48,108,99,218,4.7,819,6432,42063,28,2015,5.26,0,0,1,0,0,0,0,0,0,0,0,0,8,0,0,0,1,0,0,1,0,0,0,0,0,0,0,0,0,0,0,1,0,0,0,0,0,0,0,1,0,0,0,0,0,0,0,0
5450,56,The Imitation Game,42061,26,2015,0,1,55,115,99,377,4.8,510,4400,42206,21,2015,0.33,0,0,0,0,0,1,0,0,0,0,0,0,1,0,1,0,0,0,0,0,1,0,0,0,0,0,0,0,0,0,0,0,0,0,1,0,0,0,0,0,0,1,0,0,0,0,0,0
5458,163,Inside Out,42223,7,2015,0,1,42,102,96,332,4.7,700,6900,42283,6,2015,0.94,0,0,1,0,0,0,0,0,0,0,0,0,1,1,0,0,0,0,1,0,0,0,0,0,0,0,0,0,0,0,0,0,0,0,1,0,0,0,0,0,0,0,0,0,0,0,1,0
5461,74,Taken 3,42013,9,2015,0,1,49,109,99,432,4.3,428,6460,42083,20,2015,2.043,1,0,0,0,0,0,0,0,0,0,0,1,3,1,0,0,0,0,0,0,0,1,0,0,0,0,0,0,0,1,0,0,0,0,0,0,0,0,0,0,0,0,0,1,0,0,0,0
5465,23,Begin Again,41997,24,2014,0,1,44,104,97,60,4.6,224,1100,42181,26,2015,0.18,0,0,0,0,0,1,0,0,1,0,0,0,1,0,0,0,1,0,0,1,0,0,0,0,0,0,0,0,0,1,0,0,0,0,0,0,0,0,0,0,0,0,1,0,0,0,0,0
5472,122,Tomorrowland,42146,22,2015,0,2,10,130,98,205,3.8,348,2900,42150,26,2015,1.17,1,1,0,0,0,0,0,0,0,0,0,0,2,1,0,0,0,0,0,0,0,0,0,0,0,1,0,0,0,0,0,0,0,0,1,0,0,0,0,0,0,0,0,0,1,0,0,0
5488,64,The Transporter Legacy,42249,2,2015,0,1,36,96,83,221,3.9,227,2213,42328,20,2015,1.29,1,0,0,0,0,0,0,0,0,0,0,0,2,0,0,0,1,0,0,0,0,0,0,0,0,0,0,0,1,1,0,0,0,0,0,0,0,0,0,0,0,0,0,0,0,1,0,0
5499,278,The Avengers: Age of Ultron,42116,22,2015,0,2,22,142,98,909,4.3,975,20400,42136,12,2015,14.5,1,0,0,0,0,1,0,0,0,0,0,0,7,0,0,0,1,1,0,0,0,0,0,0,0,0,0,0,0,0,0,0,0,0,1,0,0,0,0,0,0,0,0,0,1,0,0,0
5500,58,JUPITER ASCENDING,42039,4,2015,0,2,7,127,91,102,3.3,227,2200,42069,6,2015,2.79,1,1,0,0,0,0,0,0,0,0,1,0,3,0,0,0,1,0,0,0,1,0,0,0,0,0,0,0,0,1,0,0,0,0,0,0,0,0,0,0,0,0,0,1,0,0,0,0
5508,347,Fast & Furious 7,42095,1,2015,0,2,18,138,98,1187,4.8,2042,25700,42106,12,2015,24.1,1,0,0,0,0,0,0,0,0,0,0,0,7,0,0,0,1,1,0,0,0,0,0,0,0,0,0,0,0,0,0,0,1,0,0,0,1,0,0,0,0,0,0,0,0,0,0,0
5515,145,Minions,42194,9,2015,0,1,33,93,98,1042,3.9,608,11300,42260,13,2015,4.35,0,0,1,1,0,0,0,0,0,0,0,0,5,0,1,0,0,0,0,0,0,0,1,0,0,0,0,0,0,0,0,0,1,0,0,0,0,0,0,0,0,0,0,0,0,0,0,1
5517,219,San Andreas,42153,29,2015,0,1,55,115,99,674,4.6,1030,8100,42157,2,2015,6.17,1,1,0,0,0,1,0,0,0,0,0,0,6,1,0,0,0,0,0,0,0,0,0,0,0,1,0,0,0,0,0,0,0,0,1,0,0,0,0,0,0,0,1,0,0,0,0,0
5526,451,Jurassic World,42165,10,2015,0,2,5,125,98,1039,4.5,1777,27800,42165,10,2015,13.8,0,1,0,0,0,1,0,0,0,0,0,0,7,0,0,0,1,0,0,0,0,0,0,1,0,0,0,0,0,0,0,0,0,0,0,1,0,0,0,0,0,0,1,0,0,0,0,0
5535,25,First Of May,42125,1,2015,0,1,50,110,96,356,4.4,98,439,42307,30,2015,0.0331,0,0,0,0,0,1,0,0,0,1,0,0,1,1,0,0,0,0,0,0,0,0,0,0,0,1,0,0,0,1,0,0,0,0,0,0,0,0,0,0,0,0,0,0,0,0,1,0
5536,55,The Wonderful Wedding,42053,18,2015,0,1,44,104,96,1048,4.2,389,5600,42053,18,2015,0.0467,0,0,0,1,0,1,0,0,0,0,0,0,1,0,0,0,1,0,0,0,1,0,0,0,0,0,0,0,0,0,0,0,0,0,0,1,0,0,0,1,0,0,0,0,0,0,0,0
5551,45,Pan,42285,8,2015,0,1,51,111,96,286,4.2,160,1100,42299,22,2015,0.22,1,1,0,0,0,0,1,0,0,0,0,0,1,0,1,0,0,0,0,0,0,0,0,0,0,0,0,1,0,0,0,0,0,1,0,0,0,0,0,0,0,0,0,0,0,0,1,0
5559,31,TIME IS MONEY,42020,16,2015,0,1,31,91,94,523,3.8,236,518,42111,17,2015,0.0068,0,0,0,1,0,0,0,0,0,0,0,0,1,1,0,0,0,0,0,0,0,1,0,0,0,0,0,0,0,1,0,0,0,0,0,0,1,0,0,0,0,0,0,0,0,0,0,0
5564,184,Terminator : Genisys,42187,2,2015,0,2,6,126,97,292,4.4,632,5200,42239,23,2015,7.21,1,0,0,0,0,0,0,0,0,0,1,0,6,0,1,0,0,0,0,0,0,0,1,0,0,0,0,0,0,0,0,0,1,0,0,0,0,1,0,0,0,0,0,0,0,0,0,0
5573,9,Paddington,42041,6,2015,0,1,36,96,84,56,4.5,63,203,42068,5,2015,0.98,0,0,1,0,0,1,0,0,0,0,0,0,1,1,0,0,0,0,0,0,1,0,0,0,0,0,0,0,0,0,0,0,0,1,0,0,0,0,0,0,0,0,0,1,0,0,0,0
5583,11,Mortdecai,42027,23,2015,0,1,47,107,89,38,3.5,57,694,42111,17,2015,0.22,0,1,0,0,1,0,0,0,0,1,0,0,1,1,0,0,0,0,0,0,0,1,0,0,0,0,0,0,0,1,0,0,0,0,0,0,1,0,0,0,0,0,0,0,0,0,0,0
5587,68,CHAPPIE,42069,6,2015,0,2,1,121,98,88,4.2,261,2300,42132,8,2015,1.02,1,0,0,0,0,0,0,0,0,0,1,1,2,1,0,0,0,0,0,0,0,0,0,0,1,0,0,0,0,1,0,0,0,0,0,0,0,0,0,0,0,0,0,0,1,0,0,0
5594,38,Cinderella,42076,13,2015,0,1,46,106,95,128,4.3,205,2100,42076,13,2015,4.44,0,0,0,0,0,1,1,0,0,0,0,0,5,1,0,0,0,0,0,0,0,0,0,0,1,0,0,0,0,1,0,0,0,0,0,0,0,0,0,0,0,0,0,1,0,0,0,0
5595,108,Divergent Series:Insurgent,42083,20,2015,0,1,59,119,96,249,4.2,417,4200,42174,19,2015,0.98,1,1,0,0,0,0,0,0,0,0,1,0,1,1,0,0,0,0,0,0,0,0,0,0,1,0,0,0,0,1,0,0,0,0,0,0,0,0,0,0,0,0,1,0,0,0,0,0
5596,399,TO THE FORE,42223,7,2015,0,2,6,126,96,1223,4.6,1089,2900,42223,7,2015,1.28,0,0,0,0,0,1,0,0,1,0,0,0,2,1,0,0,0,0,1,0,0,0,0,0,0,0,0,0,0,1,0,0,0,0,0,0,0,1,0,0,0,0,0,0,0,0,0,0
5599,34,Dragon Blade,42053,18,2015,0,2,7,127,70,82,3.9,116,595,42054,19,2015,7.31,1,0,0,0,0,1,0,0,0,0,0,0,6,0,0,0,1,0,0,0,1,0,0,0,0,0,0,0,0,0,0,0,0,1,0,0,0,0,0,1,0,0,0,0,0,0,0,0
5609,10,The Gunman,42083,20,2015,0,1,56,116,90,20,4.1,35,252,42265,18,2015,0.0259,1,0,0,0,0,0,0,0,0,0,0,0,1,1,0,0,0,0,0,0,0,0,0,0,1,0,0,0,0,1,0,0,0,0,0,0,0,0,0,0,0,0,0,0,0,0,0,1
5612,217,Ant Man,42201,16,2015,0,1,57,117,95,255,4.6,986,12700,42293,16,2015,6.68,1,1,0,0,0,0,0,0,0,0,0,0,6,0,1,0,0,0,0,0,0,0,1,0,0,0,0,0,0,1,0,0,0,0,0,0,0,0,0,0,0,0,0,0,0,0,1,0
5631,2216,Our Times,42229,13,2015,0,2,14,134,97,844,4.8,6894,15800,42327,19,2015,3.28,0,0,0,1,0,0,0,0,0,1,0,0,4,0,1,0,0,0,1,0,0,0,0,0,0,0,0,0,0,0,0,0,0,1,0,0,0,0,0,0,0,0,0,0,0,1,0,0
5676,8,Shaun the Sheep Movie,42096,2,2015,0,1,25,85,96,23,4.4,49,149,42202,17,2015,0.45,0,0,1,1,0,0,0,0,0,0,0,0,1,0,1,0,0,1,0,0,0,0,0,0,0,0,0,0,0,1,0,0,0,0,0,0,0,0,0,0,0,1,0,0,0,0,0,0
5678,220,Spectre,42313,5,2015,0,2,28,148,96,325,3.6,578,7200,42321,13,2015,5.33,1,1,0,0,0,1,0,0,0,0,0,0,8,0,1,0,0,0,0,0,0,0,0,0,0,0,1,0,0,1,0,0,0,0,0,0,0,0,0,0,0,0,0,0,0,1,0,0
5717,195,Mission: Impossible - Rogue Nation,42214,29,2015,0,2,11,131,98,498,4.6,981,15000,42255,8,2015,8.61,1,1,0,0,0,0,0,0,0,0,0,1,6,0,0,0,1,0,0,0,0,0,1,0,0,0,0,0,0,0,0,0,0,0,1,0,0,0,0,0,0,0,0,0,0,0,0,1
5719,47,Plxels,42236,20,2015,0,1,46,106,95,157,4.1,177,1400,42262,15,2015,0.98,1,0,0,1,0,0,0,0,0,0,0,0,1,0,1,0,0,0,1,0,0,0,0,0,0,0,0,0,0,0,0,0,0,0,1,0,0,0,0,0,0,0,0,0,0,0,0,1
5721,20,HOTEL TRANSYLVANIA2,42272,25,2015,0,1,30,90,96,207,4.5,115,1900,42304,27,2015,1.19,0,0,1,0,0,0,0,0,0,0,0,0,2,1,0,0,0,0,0,0,0,0,0,0,0,0,0,0,1,0,0,0,0,0,1,0,0,0,0,0,0,0,0,0,0,0,1,0
5772,26,S.P.L.2,42173,18,2015,0,2,0,120,88,50,4.4,80,128,42173,18,2015,5.57,1,0,0,0,0,0,0,0,0,0,0,0,8,0,1,0,0,0,0,0,0,0,0,1,0,0,0,0,0,0,0,0,0,1,0,0,0,0,0,0,0,0,1,0,0,0,0,0
5774,83,Detectivecconan：Sunflowes Of Inferno,42187,2,2015,0,1,53,113,98,569,4.6,441,1400,42300,23,2015,0.79,0,0,1,0,0,0,0,0,0,0,0,0,1,0,1,0,0,0,0,0,0,0,1,0,0,0,0,0,0,1,0,0,0,0,0,0,0,0,0,0,0,0,0,0,0,0,1,0
5794,258,Maze Runner: The Scorch Trials,42256,9,2015,0,2,12,132,99,662,4.1,796,7700,42312,4,2015,1.88,1,1,0,0,0,1,0,0,0,0,0,1,2,0,0,0,1,0,0,0,0,0,0,0,0,0,0,0,1,0,0,0,0,0,0,1,0,0,0,0,0,0,0,0,0,1,0,0
5803,8,Survivor,42202,17,2015,0,1,37,97,91,66,3.9,44,47,42295,18,2015,0.09,0,0,0,0,1,0,0,0,0,0,0,1,1,1,0,0,0,0,0,0,0,0,1,0,0,0,0,0,0,0,0,0,1,0,0,0,0,0,0,0,0,0,0,0,0,0,1,0
5819,189,The Hunger Games: Mockingjay - Part 2,42328,20,2015,0,2,12,132,98,621,3.8,502,5700,42328,20,2015,1.37,1,1,0,0,0,1,0,0,0,0,0,0,2,1,0,0,0,0,0,0,0,0,0,0,0,0,1,0,0,1,0,0,0,0,0,0,0,0,0,0,0,0,0,0,0,1,0,0
5820,105,Everest,42265,18,2015,0,2,1,121,97,211,4.3,344,3800,42311,3,2015,0.98,0,0,0,0,0,1,0,0,0,0,0,1,1,1,0,0,0,0,0,0,0,0,0,0,0,0,0,0,1,0,0,0,0,0,1,0,0,0,0,0,0,0,0,0,0,1,0,0
5825,127,The Martian,42278,1,2015,0,2,21,141,98,267,4.4,578,7200,42333,25,2015,4.81,0,0,0,0,0,1,0,0,0,0,1,0,5,0,1,0,0,0,0,0,0,0,0,0,0,0,0,1,0,0,0,0,0,0,0,1,0,0,0,0,0,0,0,0,0,1,0,0
5856,136,All You Need Is Love,42251,4,2015,0,1,44,104,95,220,4.6,336,167,42251,4,2015,0.0903,0,0,0,1,0,0,0,0,0,1,0,0,1,1,0,0,0,0,0,0,0,0,0,0,0,0,0,0,1,1,0,0,0,0,0,0,0,0,0,0,0,0,0,0,0,0,0,1
5997,1,The Murderer Vanishes,42335,27,2015,0,2,0,120,80,10,3,2,11,42335,27,2015,0.69,0,0,0,0,0,0,0,0,0,0,0,1,1,1,0,0,0,0,0,0,0,0,0,0,0,0,1,0,0,1,0,0,0,0,0,0,0,0,0,0,0,0,0,0,0,1,0,0
10000,37,Fools from stars PK,42083,20,2015,0,2,32,152,97,65,4.6,212,595,42146,22,2015,1.18,0,0,0,1,0,1,0,0,0,0,0,0,2,1,0,0,0,0,0,0,0,0,0,0,1,0,0,0,0,1,0,0,0,0,0,0,0,0,0,0,0,0,0,0,1,0,0,0
